,Path,z
0,./spec_forgelato/v1/specgelato_SPEC2.fits,0.34555
1,./spec_forgelato/v1/specgelato_SPEC3.fits,0.6866
2,./spec_forgelato/v1/specgelato_SPEC9.fits,0.29266
3,./spec_forgelato/v1/specgelato_SPEC13.fits,0.6887
4,./spec_forgelato/v1/specgelato_SPEC19.fits,0.48395
5,./spec_forgelato/v1/specgelato_SPEC24.fits,0.46612
6,./spec_forgelato/v1/specgelato_SPEC25.fits,0.4481
7,./spec_forgelato/v1/specgelato_SPEC30.fits,0.29032
8,./spec_forgelato/v1/specgelato_SPEC31.fits,0.63267
9,./spec_forgelato/v1/specgelato_SPEC32.fits,0.45335
10,./spec_forgelato/v1/specgelato_SPEC33.fits,0.44741
11,./spec_forgelato/v1/specgelato_SPEC34.fits,0.63013
12,./spec_forgelato/v1/specgelato_SPEC35.fits,0.44862
13,./spec_forgelato/v1/specgelato_SPEC36.fits,0.82266
14,./spec_forgelato/v1/specgelato_SPEC37.fits,0.68905
15,./spec_forgelato/v1/specgelato_SPEC45.fits,1.10116
16,./spec_forgelato/v1/specgelato_SPEC47.fits,0.29369
17,./spec_forgelato/v1/specgelato_SPEC49.fits,0.68613
18,./spec_forgelato/v1/specgelato_SPEC51.fits,0.62989
19,./spec_forgelato/v1/specgelato_SPEC55.fits,0.44889
20,./spec_forgelato/v1/specgelato_SPEC57.fits,0.21729
21,./spec_forgelato/v1/specgelato_SPEC58.fits,0.63131
22,./spec_forgelato/v1/specgelato_SPEC59.fits,0.89
23,./spec_forgelato/v1/specgelato_SPEC61.fits,0.48582
24,./spec_forgelato/v1/specgelato_SPEC62.fits,0.32338
25,./spec_forgelato/v1/specgelato_SPEC66.fits,0.44613
26,./spec_forgelato/v1/specgelato_SPEC67.fits,0.52542
27,./spec_forgelato/v1/specgelato_SPEC68.fits,0.11682
28,./spec_forgelato/v1/specgelato_SPEC69.fits,0.82624
29,./spec_forgelato/v1/specgelato_SPEC70.fits,0.98172
30,./spec_forgelato/v1/specgelato_SPEC71.fits,0.29381
31,./spec_forgelato/v1/specgelato_SPEC72.fits,1.0
32,./spec_forgelato/v1/specgelato_SPEC73.fits,0.63179
33,./spec_forgelato/v1/specgelato_SPEC77.fits,0.96342
34,./spec_forgelato/v1/specgelato_SPEC79.fits,0.29317
35,./spec_forgelato/v1/specgelato_SPEC80.fits,0.62787
36,./spec_forgelato/v1/specgelato_SPEC83.fits,0.628
37,./spec_forgelato/v1/specgelato_SPEC84.fits,1.046
38,./spec_forgelato/v1/specgelato_SPEC85.fits,0.979
39,./spec_forgelato/v1/specgelato_SPEC86.fits,0.1265
40,./spec_forgelato/v1/specgelato_SPEC87.fits,1.102
41,./spec_forgelato/v1/specgelato_SPEC89.fits,0.6879
42,./spec_forgelato/v1/specgelato_SPEC91.fits,0.688
43,./spec_forgelato/v1/specgelato_SPEC93.fits,0.2885
44,./spec_forgelato/v1/specgelato_SPEC96.fits,0.7741
45,./spec_forgelato/v1/specgelato_SPEC97.fits,0.436
46,./spec_forgelato/v1/specgelato_SPEC102.fits,0.5133
47,./spec_forgelato/v1/specgelato_SPEC106.fits,0.6436
48,./spec_forgelato/v1/specgelato_SPEC107.fits,1.022
49,./spec_forgelato/v1/specgelato_SPEC109.fits,0.8266
50,./spec_forgelato/v1/specgelato_SPEC110.fits,0.797
51,./spec_forgelato/v1/specgelato_SPEC111.fits,0.6096
52,./spec_forgelato/v1/specgelato_SPEC112.fits,0.8366
53,./spec_forgelato/v1/specgelato_SPEC113.fits,1.301
54,./spec_forgelato/v1/specgelato_SPEC114.fits,1.214
55,./spec_forgelato/v1/specgelato_SPEC115.fits,0.6886
56,./spec_forgelato/v1/specgelato_SPEC117.fits,0.4479
57,./spec_forgelato/v1/specgelato_SPEC118.fits,0.688
58,./spec_forgelato/v1/specgelato_SPEC120.fits,0.5585
59,./spec_forgelato/v1/specgelato_SPEC121.fits,0.8823
60,./spec_forgelato/v1/specgelato_SPEC123.fits,0.64035
61,./spec_forgelato/v1/specgelato_SPEC127.fits,0.5583
62,./spec_forgelato/v1/specgelato_SPEC128.fits,0.18642
63,./spec_forgelato/v1/specgelato_SPEC132.fits,0.2934
64,./spec_forgelato/v1/specgelato_SPEC134.fits,0.4191
65,./spec_forgelato/v1/specgelato_SPEC135.fits,0.69039
66,./spec_forgelato/v1/specgelato_SPEC137.fits,0.29502
67,./spec_forgelato/v1/specgelato_SPEC138.fits,0.55962
68,./spec_forgelato/v1/specgelato_SPEC141.fits,0.29477
69,./spec_forgelato/v1/specgelato_SPEC149.fits,0.43607
70,./spec_forgelato/v1/specgelato_SPEC151.fits,0.49762
71,./spec_forgelato/v1/specgelato_SPEC152.fits,0.1304
72,./spec_forgelato/v1/specgelato_SPEC156.fits,0.18348
73,./spec_forgelato/v1/specgelato_SPEC160.fits,0.20323
74,./spec_forgelato/v1/specgelato_SPEC161.fits,0.44612
75,./spec_forgelato/v1/specgelato_SPEC164.fits,0.4369
76,./spec_forgelato/v1/specgelato_SPEC171.fits,0.53328
77,./spec_forgelato/v1/specgelato_SPEC178.fits,0.44596
78,./spec_forgelato/v1/specgelato_SPEC179.fits,0.46721
79,./spec_forgelato/v1/specgelato_SPEC181.fits,0.29389
80,./spec_forgelato/v1/specgelato_SPEC182.fits,0.44675
81,./spec_forgelato/v1/specgelato_SPEC184.fits,0.07428
82,./spec_forgelato/v1/specgelato_SPEC185.fits,0.20313
83,./spec_forgelato/v1/specgelato_SPEC186.fits,0.60118
84,./spec_forgelato/v1/specgelato_SPEC187.fits,0.51405
85,./spec_forgelato/v1/specgelato_SPEC188.fits,0.36317
86,./spec_forgelato/v1/specgelato_SPEC189.fits,0.29694
87,./spec_forgelato/v1/specgelato_SPEC191.fits,0.63716
88,./spec_forgelato/v1/specgelato_SPEC192.fits,0.4075
89,./spec_forgelato/v1/specgelato_SPEC193.fits,0.2941
90,./spec_forgelato/v1/specgelato_SPEC194.fits,0.532
91,./spec_forgelato/v1/specgelato_SPEC196.fits,0.6482
92,./spec_forgelato/v1/specgelato_SPEC197.fits,0.46922
93,./spec_forgelato/v1/specgelato_SPEC198.fits,0.44658
94,./spec_forgelato/v1/specgelato_SPEC204.fits,0.44855
95,./spec_forgelato/v1/specgelato_SPEC205.fits,0.68833
96,./spec_forgelato/v1/specgelato_SPEC210.fits,0.29316
97,./spec_forgelato/v1/specgelato_SPEC214.fits,0.29266
98,./spec_forgelato/v1/specgelato_SPEC218.fits,0.438
99,./spec_forgelato/v1/specgelato_SPEC221.fits,0.50376
100,./spec_forgelato/v1/specgelato_SPEC222.fits,0.29452
101,./spec_forgelato/v1/specgelato_SPEC223.fits,0.56082
102,./spec_forgelato/v1/specgelato_SPEC226.fits,1.00453
103,./spec_forgelato/v1/specgelato_SPEC227.fits,1.00404
104,./spec_forgelato/v1/specgelato_SPEC231.fits,0.29279
105,./spec_forgelato/v1/specgelato_SPEC233.fits,0.63909
106,./spec_forgelato/v1/specgelato_SPEC234.fits,0.46605
107,./spec_forgelato/v1/specgelato_SPEC235.fits,0.29384
108,./spec_forgelato/v1/specgelato_SPEC236.fits,0.32076
109,./spec_forgelato/v1/specgelato_SPEC237.fits,0.4364
110,./spec_forgelato/v1/specgelato_SPEC238.fits,0.29179
111,./spec_forgelato/v1/specgelato_SPEC240.fits,0.39638
112,./spec_forgelato/v1/specgelato_SPEC242.fits,0.07474
113,./spec_forgelato/v1/specgelato_SPEC243.fits,0.60239
114,./spec_forgelato/v1/specgelato_SPEC244.fits,0.44853
115,./spec_forgelato/v1/specgelato_SPEC245.fits,0.58548
116,./spec_forgelato/v1/specgelato_SPEC246.fits,0.68943
117,./spec_forgelato/v1/specgelato_SPEC248.fits,0.95751
118,./spec_forgelato/v1/specgelato_SPEC249.fits,0.07588
119,./spec_forgelato/v1/specgelato_SPEC250.fits,0.63175
120,./spec_forgelato/v1/specgelato_SPEC252.fits,0.29656
121,./spec_forgelato/v1/specgelato_SPEC253.fits,0.7209
122,./spec_forgelato/v1/specgelato_SPEC258.fits,0.62766
123,./spec_forgelato/v1/specgelato_SPEC259.fits,0.46659
124,./spec_forgelato/v1/specgelato_SPEC260.fits,0.83528
125,./spec_forgelato/v1/specgelato_SPEC261.fits,0.62748
126,./spec_forgelato/v1/specgelato_SPEC262.fits,0.50304
127,./spec_forgelato/v1/specgelato_SPEC264.fits,0.43551
128,./spec_forgelato/v1/specgelato_SPEC265.fits,1.30353
129,./spec_forgelato/v1/specgelato_SPEC266.fits,0.68301
130,./spec_forgelato/v1/specgelato_SPEC267.fits,0.96102
131,./spec_forgelato/v1/specgelato_SPEC268.fits,1.02295
132,./spec_forgelato/v1/specgelato_SPEC271.fits,0.8201
133,./spec_forgelato/v1/specgelato_SPEC274.fits,0.18345
134,./spec_forgelato/v1/specgelato_SPEC275.fits,0.98627
135,./spec_forgelato/v1/specgelato_SPEC276.fits,0.8284
136,./spec_forgelato/v1/specgelato_SPEC277.fits,0.82612
137,./spec_forgelato/v1/specgelato_SPEC278.fits,0.8248
138,./spec_forgelato/v1/specgelato_SPEC279.fits,0.71882
139,./spec_forgelato/v1/specgelato_SPEC280.fits,0.49138
140,./spec_forgelato/v1/specgelato_SPEC281.fits,0.28908
141,./spec_forgelato/v1/specgelato_SPEC282.fits,1.0997
142,./spec_forgelato/v1/specgelato_SPEC283.fits,0.63182
143,./spec_forgelato/v1/specgelato_SPEC287.fits,0.98032
144,./spec_forgelato/v1/specgelato_SPEC288.fits,0.68969
145,./spec_forgelato/v1/specgelato_SPEC291.fits,1.00245
146,./spec_forgelato/v1/specgelato_SPEC292.fits,0.99989
147,./spec_forgelato/v1/specgelato_SPEC294.fits,0.43689
148,./spec_forgelato/v1/specgelato_SPEC295.fits,0.76363
149,./spec_forgelato/v1/specgelato_SPEC296.fits,0.82181
150,./spec_forgelato/v1/specgelato_SPEC297.fits,0.82223
151,./spec_forgelato/v1/specgelato_SPEC298.fits,0.64548
152,./spec_forgelato/v1/specgelato_SPEC301.fits,0.82204
153,./spec_forgelato/v1/specgelato_SPEC302.fits,0.96868
154,./spec_forgelato/v1/specgelato_SPEC303.fits,0.6937
155,./spec_forgelato/v1/specgelato_SPEC304.fits,-0.0002
156,./spec_forgelato/v1/specgelato_SPEC305.fits,0.42898
157,./spec_forgelato/v1/specgelato_SPEC306.fits,0.84358
158,./spec_forgelato/v1/specgelato_SPEC307.fits,0.2922
159,./spec_forgelato/v1/specgelato_SPEC308.fits,0.77452
160,./spec_forgelato/v1/specgelato_SPEC309.fits,0.63843
161,./spec_forgelato/v1/specgelato_SPEC313.fits,0.55905
162,./spec_forgelato/v1/specgelato_SPEC315.fits,0.43526
163,./spec_forgelato/v1/specgelato_SPEC317.fits,0.82372
164,./spec_forgelato/v1/specgelato_SPEC318.fits,0.68151
165,./spec_forgelato/v1/specgelato_SPEC319.fits,0.43446
166,./spec_forgelato/v1/specgelato_SPEC321.fits,0.29288
167,./spec_forgelato/v1/specgelato_SPEC322.fits,0.2935
168,./spec_forgelato/v1/specgelato_SPEC323.fits,0.47625
169,./spec_forgelato/v1/specgelato_SPEC324.fits,0.67462
170,./spec_forgelato/v1/specgelato_SPEC325.fits,0.27305
171,./spec_forgelato/v1/specgelato_SPEC326.fits,0.23782
172,./spec_forgelato/v1/specgelato_SPEC327.fits,0.72289
173,./spec_forgelato/v1/specgelato_SPEC328.fits,0.2897
174,./spec_forgelato/v1/specgelato_SPEC329.fits,0.43
175,./spec_forgelato/v1/specgelato_SPEC331.fits,0.40777
176,./spec_forgelato/v1/specgelato_SPEC332.fits,0.56238
177,./spec_forgelato/v1/specgelato_SPEC333.fits,0.27287
178,./spec_forgelato/v1/specgelato_SPEC334.fits,0.51703
179,./spec_forgelato/v1/specgelato_SPEC335.fits,0.58321
180,./spec_forgelato/v1/specgelato_SPEC336.fits,0.53926
181,./spec_forgelato/v1/specgelato_SPEC337.fits,0.58288
182,./spec_forgelato/v1/specgelato_SPEC338.fits,0.58162
183,./spec_forgelato/v1/specgelato_SPEC339.fits,0.58367
184,./spec_forgelato/v1/specgelato_SPEC340.fits,0.36274
185,./spec_forgelato/v1/specgelato_SPEC341.fits,0.58636
186,./spec_forgelato/v1/specgelato_SPEC343.fits,0.58715
187,./spec_forgelato/v1/specgelato_SPEC344.fits,0.51819
188,./spec_forgelato/v1/specgelato_SPEC345.fits,0.56301
189,./spec_forgelato/v1/specgelato_SPEC346.fits,3.86968
190,./spec_forgelato/v1/specgelato_SPEC348.fits,0.79
191,./spec_forgelato/v1/specgelato_SPEC349.fits,0.48309
192,./spec_forgelato/v1/specgelato_SPEC350.fits,0.41731
193,./spec_forgelato/v1/specgelato_SPEC351.fits,0.58218
194,./spec_forgelato/v1/specgelato_SPEC352.fits,0.8084
195,./spec_forgelato/v1/specgelato_SPEC353.fits,0.78863
196,./spec_forgelato/v1/specgelato_SPEC354.fits,1.09584
197,./spec_forgelato/v1/specgelato_SPEC355.fits,0.694
198,./spec_forgelato/v1/specgelato_SPEC357.fits,0.7352
199,./spec_forgelato/v1/specgelato_SPEC358.fits,0.58469
200,./spec_forgelato/v1/specgelato_SPEC359.fits,0.44446
201,./spec_forgelato/v1/specgelato_SPEC360.fits,0.48472
202,./spec_forgelato/v1/specgelato_SPEC361.fits,0.63443
203,./spec_forgelato/v1/specgelato_SPEC362.fits,0.63359
204,./spec_forgelato/v1/specgelato_SPEC363.fits,0.20285
205,./spec_forgelato/v1/specgelato_SPEC364.fits,0.64323
206,./spec_forgelato/v1/specgelato_SPEC365.fits,0.29039
207,./spec_forgelato/v1/specgelato_SPEC366.fits,0.26579
208,./spec_forgelato/v1/specgelato_SPEC367.fits,0.47194
209,./spec_forgelato/v1/specgelato_SPEC368.fits,0.41896
210,./spec_forgelato/v1/specgelato_SPEC369.fits,0.65654
211,./spec_forgelato/v1/specgelato_SPEC370.fits,0.2252
212,./spec_forgelato/v1/specgelato_SPEC371.fits,0.76382
213,./spec_forgelato/v1/specgelato_SPEC372.fits,0.52288
214,./spec_forgelato/v1/specgelato_SPEC373.fits,0.29439
215,./spec_forgelato/v1/specgelato_SPEC374.fits,0.36442
216,./spec_forgelato/v1/specgelato_SPEC375.fits,0.32377
217,./spec_forgelato/v1/specgelato_SPEC376.fits,0.32407
218,./spec_forgelato/v1/specgelato_SPEC377.fits,0.24777
219,./spec_forgelato/v1/specgelato_SPEC378.fits,0.32478
220,./spec_forgelato/v1/specgelato_SPEC379.fits,0.32463
221,./spec_forgelato/v1/specgelato_SPEC380.fits,0.32245
222,./spec_forgelato/v1/specgelato_SPEC381.fits,0.29481
223,./spec_forgelato/v1/specgelato_SPEC382.fits,0.35439
224,./spec_forgelato/v1/specgelato_SPEC383.fits,0.48497
225,./spec_forgelato/v1/specgelato_SPEC384.fits,0.16191
226,./spec_forgelato/v1/specgelato_SPEC385.fits,0.22225
227,./spec_forgelato/v1/specgelato_SPEC386.fits,0.63155
228,./spec_forgelato/v1/specgelato_SPEC387.fits,0.58446
229,./spec_forgelato/v1/specgelato_SPEC388.fits,0.41494
230,./spec_forgelato/v1/specgelato_SPEC389.fits,0.49121
231,./spec_forgelato/v1/specgelato_SPEC390.fits,0.58392
232,./spec_forgelato/v1/specgelato_SPEC391.fits,0.44763
233,./spec_forgelato/v1/specgelato_SPEC392.fits,0.29331
234,./spec_forgelato/v1/specgelato_SPEC393.fits,0.73527
235,./spec_forgelato/v1/specgelato_SPEC394.fits,0.80898
236,./spec_forgelato/v1/specgelato_SPEC395.fits,0.80238
237,./spec_forgelato/v1/specgelato_SPEC396.fits,0.80188
238,./spec_forgelato/v1/specgelato_SPEC397.fits,0.47682
239,./spec_forgelato/v1/specgelato_SPEC398.fits,0.2937
240,./spec_forgelato/v1/specgelato_SPEC399.fits,0.33646
241,./spec_forgelato/v1/specgelato_SPEC400.fits,0.33705
242,./spec_forgelato/v1/specgelato_SPEC401.fits,0.43365
243,./spec_forgelato/v1/specgelato_SPEC402.fits,0.47781
244,./spec_forgelato/v1/specgelato_SPEC403.fits,0.29633
245,./spec_forgelato/v1/specgelato_SPEC404.fits,0.28988
246,./spec_forgelato/v1/specgelato_SPEC405.fits,0.60207
247,./spec_forgelato/v1/specgelato_SPEC406.fits,0.25175
248,./spec_forgelato/v1/specgelato_SPEC407.fits,0.64297
249,./spec_forgelato/v1/specgelato_SPEC408.fits,0.55693
250,./spec_forgelato/v1/specgelato_SPEC409.fits,0.1837
251,./spec_forgelato/v1/specgelato_SPEC410.fits,0.64258
252,./spec_forgelato/v1/specgelato_SPEC411.fits,0.50546
253,./spec_forgelato/v1/specgelato_SPEC412.fits,0.4195
254,./spec_forgelato/v1/specgelato_SPEC413.fits,0.41938
255,./spec_forgelato/v1/specgelato_SPEC414.fits,0.90673
256,./spec_forgelato/v1/specgelato_SPEC415.fits,0.07902
257,./spec_forgelato/v1/specgelato_SPEC416.fits,0.72724
258,./spec_forgelato/v1/specgelato_SPEC417.fits,0.36298
259,./spec_forgelato/v1/specgelato_SPEC418.fits,0.2941
260,./spec_forgelato/v1/specgelato_SPEC419.fits,0.42399
261,./spec_forgelato/v1/specgelato_SPEC420.fits,0.63538
262,./spec_forgelato/v1/specgelato_SPEC421.fits,0.04223
263,./spec_forgelato/v1/specgelato_SPEC422.fits,0.47701
264,./spec_forgelato/v1/specgelato_SPEC423.fits,0.69374
265,./spec_forgelato/v1/specgelato_SPEC424.fits,0.8368
266,./spec_forgelato/v1/specgelato_SPEC425.fits,0.24784
267,./spec_forgelato/v1/specgelato_SPEC426.fits,0.32417
268,./spec_forgelato/v1/specgelato_SPEC427.fits,0.58286
269,./spec_forgelato/v1/specgelato_SPEC428.fits,0.82771
270,./spec_forgelato/v1/specgelato_SPEC429.fits,0.9506
271,./spec_forgelato/v1/specgelato_SPEC430.fits,0.951
272,./spec_forgelato/v1/specgelato_SPEC431.fits,0.90702
273,./spec_forgelato/v1/specgelato_SPEC432.fits,0.44699
274,./spec_forgelato/v1/specgelato_SPEC434.fits,0.33557
275,./spec_forgelato/v1/specgelato_SPEC435.fits,0.33622
276,./spec_forgelato/v1/specgelato_SPEC436.fits,0.44832
277,./spec_forgelato/v1/specgelato_SPEC437.fits,0.27231
278,./spec_forgelato/v1/specgelato_SPEC438.fits,0.49194
279,./spec_forgelato/v1/specgelato_SPEC439.fits,0.29599
280,./spec_forgelato/v1/specgelato_SPEC440.fits,0.68784
281,./spec_forgelato/v1/specgelato_SPEC441.fits,0.29001
282,./spec_forgelato/v1/specgelato_SPEC442.fits,0.81354
283,./spec_forgelato/v1/specgelato_SPEC443.fits,0.44856
284,./spec_forgelato/v1/specgelato_SPEC444.fits,0.46992
285,./spec_forgelato/v1/specgelato_SPEC445.fits,0.6897
286,./spec_forgelato/v1/specgelato_SPEC446.fits,0.29278
287,./spec_forgelato/v1/specgelato_SPEC447.fits,0.29278
288,./spec_forgelato/v1/specgelato_SPEC448.fits,0.437
289,./spec_forgelato/v1/specgelato_SPEC449.fits,0.67435
290,./spec_forgelato/v1/specgelato_SPEC450.fits,0.67412
291,./spec_forgelato/v1/specgelato_SPEC451.fits,1.00316
292,./spec_forgelato/v1/specgelato_SPEC452.fits,0.45041
293,./spec_forgelato/v1/specgelato_SPEC453.fits,0.20403
294,./spec_forgelato/v1/specgelato_SPEC454.fits,0.43879
295,./spec_forgelato/v1/specgelato_SPEC455.fits,0.11549
296,./spec_forgelato/v1/specgelato_SPEC456.fits,0.43894
297,./spec_forgelato/v1/specgelato_SPEC457.fits,0.45191
298,./spec_forgelato/v1/specgelato_SPEC458.fits,0.53435
299,./spec_forgelato/v1/specgelato_SPEC459.fits,0.44916
300,./spec_forgelato/v1/specgelato_SPEC460.fits,0.68834
301,./spec_forgelato/v1/specgelato_SPEC461.fits,0.13826
302,./spec_forgelato/v1/specgelato_SPEC462.fits,0.92208
303,./spec_forgelato/v1/specgelato_SPEC463.fits,0.48424
304,./spec_forgelato/v1/specgelato_SPEC464.fits,0.53971
305,./spec_forgelato/v1/specgelato_SPEC465.fits,0.11764
306,./spec_forgelato/v1/specgelato_SPEC466.fits,0.4506
307,./spec_forgelato/v1/specgelato_SPEC467.fits,0.35129
308,./spec_forgelato/v1/specgelato_SPEC468.fits,0.4512
309,./spec_forgelato/v1/specgelato_SPEC469.fits,0.45265
310,./spec_forgelato/v1/specgelato_SPEC470.fits,0.43437
311,./spec_forgelato/v1/specgelato_SPEC471.fits,0.50403
312,./spec_forgelato/v1/specgelato_SPEC472.fits,0.50412
313,./spec_forgelato/v1/specgelato_SPEC474.fits,0.28947
314,./spec_forgelato/v1/specgelato_SPEC475.fits,0.50467
315,./spec_forgelato/v1/specgelato_SPEC476.fits,0.21748
316,./spec_forgelato/v1/specgelato_SPEC477.fits,0.11575
317,./spec_forgelato/v1/specgelato_SPEC478.fits,0.35125
318,./spec_forgelato/v1/specgelato_SPEC479.fits,0.60496
319,./spec_forgelato/v1/specgelato_SPEC480.fits,0.44658
320,./spec_forgelato/v1/specgelato_SPEC481.fits,0.76563
321,./spec_forgelato/v1/specgelato_SPEC482.fits,0.45241
322,./spec_forgelato/v1/specgelato_SPEC483.fits,0.33
323,./spec_forgelato/v1/specgelato_SPEC488.fits,0.11678
324,./spec_forgelato/v1/specgelato_SPEC490.fits,0.2903
325,./spec_forgelato/v1/specgelato_SPEC492.fits,0.29203
326,./spec_forgelato/v1/specgelato_SPEC493.fits,0.29362
327,./spec_forgelato/v1/specgelato_SPEC494.fits,0.29436
328,./spec_forgelato/v1/specgelato_SPEC496.fits,0.29068
329,./spec_forgelato/v1/specgelato_SPEC497.fits,0.29458
330,./spec_forgelato/v1/specgelato_SPEC499.fits,0.41901
331,./spec_forgelato/v1/specgelato_SPEC500.fits,0.29382
332,./spec_forgelato/v1/specgelato_SPEC501.fits,0.29272
333,./spec_forgelato/v1/specgelato_SPEC503.fits,0.29159
334,./spec_forgelato/v1/specgelato_SPEC504.fits,0.29383
335,./spec_forgelato/v1/specgelato_SPEC505.fits,0.68657
336,./spec_forgelato/v1/specgelato_SPEC506.fits,0.29297
337,./spec_forgelato/v1/specgelato_SPEC507.fits,0.44596
338,./spec_forgelato/v1/specgelato_SPEC508.fits,0.44603
339,./spec_forgelato/v1/specgelato_SPEC509.fits,0.29157
340,./spec_forgelato/v1/specgelato_SPEC510.fits,0.2935
341,./spec_forgelato/v1/specgelato_SPEC511.fits,0.2929
342,./spec_forgelato/v1/specgelato_SPEC512.fits,0.29256
343,./spec_forgelato/v1/specgelato_SPEC513.fits,0.28637
344,./spec_forgelato/v1/specgelato_SPEC516.fits,0.07437
345,./spec_forgelato/v1/specgelato_SPEC517.fits,0.1835
346,./spec_forgelato/v1/specgelato_SPEC518.fits,0.29156
347,./spec_forgelato/v1/specgelato_SPEC519.fits,0.44712
348,./spec_forgelato/v1/specgelato_SPEC520.fits,0.44624
349,./spec_forgelato/v1/specgelato_SPEC523.fits,0.447
350,./spec_forgelato/v1/specgelato_SPEC524.fits,0.68695
351,./spec_forgelato/v1/specgelato_SPEC525.fits,0.3947
352,./spec_forgelato/v1/specgelato_SPEC526.fits,0.44701
353,./spec_forgelato/v1/specgelato_SPEC527.fits,0.45081
354,./spec_forgelato/v1/specgelato_SPEC528.fits,0.62839
355,./spec_forgelato/v1/specgelato_SPEC529.fits,0.43607
356,./spec_forgelato/v1/specgelato_SPEC530.fits,0.44892
357,./spec_forgelato/v1/specgelato_SPEC531.fits,0.82328
358,./spec_forgelato/v1/specgelato_SPEC532.fits,0.67486
359,./spec_forgelato/v1/specgelato_SPEC533.fits,-0.0001
360,./spec_forgelato/v1/specgelato_SPEC535.fits,0.3766
361,./spec_forgelato/v1/specgelato_SPEC536.fits,0.20409
362,./spec_forgelato/v1/specgelato_SPEC537.fits,1.60061
363,./spec_forgelato/v1/specgelato_SPEC539.fits,0.0
364,./spec_forgelato/v1/specgelato_SPEC540.fits,0.31104
365,./spec_forgelato/v1/specgelato_SPEC541.fits,0.10983
366,./spec_forgelato/v1/specgelato_SPEC542.fits,0.49122
367,./spec_forgelato/v1/specgelato_SPEC543.fits,0.23032
368,./spec_forgelato/v1/specgelato_SPEC544.fits,0.77772
369,./spec_forgelato/v1/specgelato_SPEC545.fits,0.77903
370,./spec_forgelato/v1/specgelato_SPEC546.fits,1.4607
371,./spec_forgelato/v1/specgelato_SPEC547.fits,0.53394
372,./spec_forgelato/v1/specgelato_SPEC548.fits,0.28902
373,./spec_forgelato/v1/specgelato_SPEC549.fits,0.55844
374,./spec_forgelato/v1/specgelato_SPEC550.fits,-0.0006
375,./spec_forgelato/v1/specgelato_SPEC551.fits,0.44418
376,./spec_forgelato/v1/specgelato_SPEC552.fits,0.50202
377,./spec_forgelato/v1/specgelato_SPEC553.fits,0.67152
378,./spec_forgelato/v1/specgelato_SPEC554.fits,0.5036
379,./spec_forgelato/v1/specgelato_SPEC556.fits,0.3861
380,./spec_forgelato/v1/specgelato_SPEC557.fits,0.41354
381,./spec_forgelato/v1/specgelato_SPEC558.fits,0.50526
382,./spec_forgelato/v1/specgelato_SPEC559.fits,0.50567
383,./spec_forgelato/v1/specgelato_SPEC560.fits,0.11731
384,./spec_forgelato/v1/specgelato_SPEC562.fits,0.49072
385,./spec_forgelato/v1/specgelato_SPEC563.fits,0.10508
386,./spec_forgelato/v1/specgelato_SPEC564.fits,0.29016
387,./spec_forgelato/v1/specgelato_SPEC565.fits,0.60408
388,./spec_forgelato/v1/specgelato_SPEC566.fits,0.48003
389,./spec_forgelato/v1/specgelato_SPEC567.fits,0.44478
390,./spec_forgelato/v1/specgelato_SPEC568.fits,0.23908
391,./spec_forgelato/v1/specgelato_SPEC569.fits,0.58821
392,./spec_forgelato/v1/specgelato_SPEC570.fits,0.24845
393,./spec_forgelato/v1/specgelato_SPEC571.fits,0.24825
394,./spec_forgelato/v1/specgelato_SPEC572.fits,0.21779
395,./spec_forgelato/v1/specgelato_SPEC573.fits,0.59232
396,./spec_forgelato/v1/specgelato_SPEC574.fits,0.60429
397,./spec_forgelato/v1/specgelato_SPEC575.fits,0.5965
398,./spec_forgelato/v1/specgelato_SPEC576.fits,0.4345
399,./spec_forgelato/v1/specgelato_SPEC577.fits,0.30456
400,./spec_forgelato/v1/specgelato_SPEC578.fits,0.59829
401,./spec_forgelato/v1/specgelato_SPEC579.fits,0.40572
402,./spec_forgelato/v1/specgelato_SPEC580.fits,0.49115
403,./spec_forgelato/v1/specgelato_SPEC582.fits,0.31798
404,./spec_forgelato/v1/specgelato_SPEC583.fits,0.46606
405,./spec_forgelato/v1/specgelato_SPEC584.fits,0.11612
406,./spec_forgelato/v1/specgelato_SPEC585.fits,0.11702
407,./spec_forgelato/v1/specgelato_SPEC586.fits,0.90709
408,./spec_forgelato/v1/specgelato_SPEC587.fits,0.3015
409,./spec_forgelato/v1/specgelato_SPEC588.fits,0.21802
410,./spec_forgelato/v1/specgelato_SPEC589.fits,0.42394
411,./spec_forgelato/v1/specgelato_SPEC590.fits,0.4132
412,./spec_forgelato/v1/specgelato_SPEC591.fits,1.00825
413,./spec_forgelato/v1/specgelato_SPEC593.fits,0.16227
414,./spec_forgelato/v1/specgelato_SPEC594.fits,0.50262
415,./spec_forgelato/v1/specgelato_SPEC595.fits,0.37712
416,./spec_forgelato/v1/specgelato_SPEC596.fits,0.46169
417,./spec_forgelato/v1/specgelato_SPEC597.fits,0.60492
418,./spec_forgelato/v1/specgelato_SPEC598.fits,0.43251
419,./spec_forgelato/v1/specgelato_SPEC599.fits,0.36334
420,./spec_forgelato/v1/specgelato_SPEC600.fits,0.2388
421,./spec_forgelato/v1/specgelato_SPEC601.fits,0.29396
422,./spec_forgelato/v1/specgelato_SPEC602.fits,0.44467
423,./spec_forgelato/v1/specgelato_SPEC603.fits,0.39429
424,./spec_forgelato/v1/specgelato_SPEC604.fits,0.10444
425,./spec_forgelato/v1/specgelato_SPEC605.fits,0.29263
426,./spec_forgelato/v1/specgelato_SPEC606.fits,0.43747
427,./spec_forgelato/v1/specgelato_SPEC608.fits,0.60245
428,./spec_forgelato/v1/specgelato_SPEC609.fits,0.16849
429,./spec_forgelato/v1/specgelato_SPEC610.fits,0.43718
430,./spec_forgelato/v1/specgelato_SPEC611.fits,0.43621
431,./spec_forgelato/v1/specgelato_SPEC612.fits,0.7212
432,./spec_forgelato/v1/specgelato_SPEC613.fits,0.77316
433,./spec_forgelato/v1/specgelato_SPEC617.fits,0.3636
434,./spec_forgelato/v1/specgelato_SPEC618.fits,0.3636
435,./spec_forgelato/v1/specgelato_SPEC620.fits,0.37458
436,./spec_forgelato/v1/specgelato_SPEC621.fits,0.58712
437,./spec_forgelato/v1/specgelato_SPEC622.fits,0.68868
438,./spec_forgelato/v1/specgelato_SPEC623.fits,0.68768
439,./spec_forgelato/v1/specgelato_SPEC624.fits,0.58173
440,./spec_forgelato/v1/specgelato_SPEC625.fits,0.64995
441,./spec_forgelato/v1/specgelato_SPEC626.fits,0.2483
442,./spec_forgelato/v1/specgelato_SPEC627.fits,0.95893
443,./spec_forgelato/v1/specgelato_SPEC628.fits,0.47571
444,./spec_forgelato/v1/specgelato_SPEC629.fits,0.50187
445,./spec_forgelato/v1/specgelato_SPEC630.fits,0.18625
446,./spec_forgelato/v1/specgelato_SPEC631.fits,0.82422
447,./spec_forgelato/v1/specgelato_SPEC632.fits,0.366
448,./spec_forgelato/v1/specgelato_SPEC633.fits,0.6874
449,./spec_forgelato/v1/specgelato_SPEC634.fits,0.64627
450,./spec_forgelato/v1/specgelato_SPEC635.fits,0.68197
451,./spec_forgelato/v1/specgelato_SPEC636.fits,0.50302
452,./spec_forgelato/v1/specgelato_SPEC637.fits,0.68906
453,./spec_forgelato/v1/specgelato_SPEC638.fits,0.41489
454,./spec_forgelato/v1/specgelato_SPEC639.fits,1.2196
455,./spec_forgelato/v1/specgelato_SPEC640.fits,0.2547
456,./spec_forgelato/v1/specgelato_SPEC641.fits,0.295
457,./spec_forgelato/v1/specgelato_SPEC642.fits,0.49269
458,./spec_forgelato/v1/specgelato_SPEC643.fits,0.16907
459,./spec_forgelato/v1/specgelato_SPEC644.fits,0.43582
460,./spec_forgelato/v1/specgelato_SPEC645.fits,0.11732
461,./spec_forgelato/v1/specgelato_SPEC646.fits,0.34536
462,./spec_forgelato/v1/specgelato_SPEC647.fits,0.10485
463,./spec_forgelato/v1/specgelato_SPEC648.fits,0.63011
464,./spec_forgelato/v1/specgelato_SPEC649.fits,0.4087
465,./spec_forgelato/v1/specgelato_SPEC650.fits,0.07495
466,./spec_forgelato/v1/specgelato_SPEC651.fits,0.5205
467,./spec_forgelato/v1/specgelato_SPEC652.fits,0.6442
468,./spec_forgelato/v1/specgelato_SPEC653.fits,0.27295
469,./spec_forgelato/v1/specgelato_SPEC654.fits,0.44743
470,./spec_forgelato/v1/specgelato_SPEC655.fits,0.11603
471,./spec_forgelato/v1/specgelato_SPEC656.fits,0.44692
472,./spec_forgelato/v1/specgelato_SPEC657.fits,0.12998
473,./spec_forgelato/v1/specgelato_SPEC658.fits,0.43422
474,./spec_forgelato/v1/specgelato_SPEC659.fits,0.19913
475,./spec_forgelato/v1/specgelato_SPEC660.fits,0.40757
476,./spec_forgelato/v1/specgelato_SPEC661.fits,0.24836
477,./spec_forgelato/v1/specgelato_SPEC662.fits,0.77476
478,./spec_forgelato/v1/specgelato_SPEC663.fits,0.39036
479,./spec_forgelato/v1/specgelato_SPEC664.fits,0.39147
480,./spec_forgelato/v1/specgelato_SPEC667.fits,0.60166
481,./spec_forgelato/v1/specgelato_SPEC668.fits,0.41463
482,./spec_forgelato/v1/specgelato_SPEC669.fits,0.62999
483,./spec_forgelato/v1/specgelato_SPEC670.fits,0.44652
484,./spec_forgelato/v1/specgelato_SPEC671.fits,0.67433
485,./spec_forgelato/v1/specgelato_SPEC672.fits,0.39123
486,./spec_forgelato/v1/specgelato_SPEC673.fits,0.39478
487,./spec_forgelato/v1/specgelato_SPEC674.fits,0.11633
488,./spec_forgelato/v1/specgelato_SPEC675.fits,0.11623
489,./spec_forgelato/v1/specgelato_SPEC676.fits,0.60285
490,./spec_forgelato/v1/specgelato_SPEC677.fits,0.29465
491,./spec_forgelato/v1/specgelato_SPEC678.fits,0.11746
492,./spec_forgelato/v1/specgelato_SPEC679.fits,0.29266
493,./spec_forgelato/v1/specgelato_SPEC680.fits,0.11622
494,./spec_forgelato/v1/specgelato_SPEC681.fits,0.29088
495,./spec_forgelato/v1/specgelato_SPEC682.fits,0.29135
496,./spec_forgelato/v1/specgelato_SPEC683.fits,0.68454
497,./spec_forgelato/v1/specgelato_SPEC684.fits,0.49262
498,./spec_forgelato/v1/specgelato_SPEC685.fits,0.62798
499,./spec_forgelato/v1/specgelato_SPEC686.fits,0.39094
500,./spec_forgelato/v1/specgelato_SPEC687.fits,0.34425
501,./spec_forgelato/v1/specgelato_SPEC689.fits,0.46661
502,./spec_forgelato/v1/specgelato_SPEC690.fits,0.72521
503,./spec_forgelato/v1/specgelato_SPEC691.fits,0.09462
504,./spec_forgelato/v1/specgelato_SPEC692.fits,0.77813
505,./spec_forgelato/v1/specgelato_SPEC693.fits,0.36256
506,./spec_forgelato/v1/specgelato_SPEC694.fits,0.36311
507,./spec_forgelato/v1/specgelato_SPEC695.fits,0.46731
508,./spec_forgelato/v1/specgelato_SPEC696.fits,0.28962
509,./spec_forgelato/v1/specgelato_SPEC697.fits,0.39393
510,./spec_forgelato/v1/specgelato_SPEC698.fits,0.07467
511,./spec_forgelato/v1/specgelato_SPEC699.fits,0.2042
512,./spec_forgelato/v1/specgelato_SPEC700.fits,0.07505
513,./spec_forgelato/v1/specgelato_SPEC701.fits,0.32435
514,./spec_forgelato/v1/specgelato_SPEC702.fits,0.29309
515,./spec_forgelato/v1/specgelato_SPEC703.fits,0.55979
516,./spec_forgelato/v1/specgelato_SPEC704.fits,0.20401
517,./spec_forgelato/v1/specgelato_SPEC705.fits,0.55579
518,./spec_forgelato/v1/specgelato_SPEC706.fits,0.36214
519,./spec_forgelato/v1/specgelato_SPEC707.fits,0.29225
520,./spec_forgelato/v1/specgelato_SPEC708.fits,0.56189
521,./spec_forgelato/v1/specgelato_SPEC710.fits,0.77892
522,./spec_forgelato/v1/specgelato_SPEC711.fits,0.56112
523,./spec_forgelato/v1/specgelato_SPEC713.fits,0.55535
524,./spec_forgelato/v1/specgelato_SPEC714.fits,2.41534
525,./spec_forgelato/v1/specgelato_SPEC715.fits,0.55977
526,./spec_forgelato/v1/specgelato_SPEC716.fits,0.43701
527,./spec_forgelato/v1/specgelato_SPEC717.fits,0.91643
528,./spec_forgelato/v1/specgelato_SPEC718.fits,0.43955
529,./spec_forgelato/v1/specgelato_SPEC719.fits,0.26502
530,./spec_forgelato/v1/specgelato_SPEC720.fits,0.43606
531,./spec_forgelato/v1/specgelato_SPEC721.fits,0.62972
532,./spec_forgelato/v1/specgelato_SPEC722.fits,1.2105
533,./spec_forgelato/v1/specgelato_SPEC723.fits,0.23031
534,./spec_forgelato/v1/specgelato_SPEC724.fits,0.23168
535,./spec_forgelato/v1/specgelato_SPEC725.fits,0.2301
536,./spec_forgelato/v1/specgelato_SPEC726.fits,0.53829
537,./spec_forgelato/v1/specgelato_SPEC727.fits,0.2306
538,./spec_forgelato/v1/specgelato_SPEC728.fits,0.43742
539,./spec_forgelato/v1/specgelato_SPEC729.fits,0.43187
540,./spec_forgelato/v1/specgelato_SPEC730.fits,0.55034
541,./spec_forgelato/v1/specgelato_SPEC731.fits,0.54998
542,./spec_forgelato/v1/specgelato_SPEC732.fits,0.16176
543,./spec_forgelato/v1/specgelato_SPEC733.fits,0.19553
544,./spec_forgelato/v1/specgelato_SPEC734.fits,0.23012
545,./spec_forgelato/v1/specgelato_SPEC735.fits,0.36169
546,./spec_forgelato/v1/specgelato_SPEC736.fits,0.55777
547,./spec_forgelato/v1/specgelato_SPEC737.fits,0.52001
548,./spec_forgelato/v1/specgelato_SPEC738.fits,0.56044
